INSERT [dbo].[AspNetRoles] ([Id], [Name], [NormalizedName], [ConcurrencyStamp]) VALUES (N'6b606181-d99d-4f81-b92d-fb11fa2d259b', N'doctor', N'doctor', N'f68effef-ef61-4f25-8d20-b02228e8623c')
GO
INSERT [dbo].[AspNetRoles] ([Id], [Name], [NormalizedName], [ConcurrencyStamp]) VALUES (N'e9e35235-f355-4af6-9fee-e6c4dd68dfb4', N'clerk', N'clerk', N'a78b37cd-b5d8-4e1f-aabd-73dc79567e11')
GO
INSERT [dbo].[AspNetUsers] ([Id], [UserName], [NormalizedUserName], [Email], [NormalizedEmail], [EmailConfirmed], [PasswordHash], [SecurityStamp], [ConcurrencyStamp], [PhoneNumber], [PhoneNumberConfirmed], [TwoFactorEnabled], [LockoutEnd], [LockoutEnabled], [AccessFailedCount]) VALUES (N'05f9902f-54cf-4db3-aff8-d5268f5067bb', N'P001@gmail.com', N'P001@GMAIL.COM', N'P001@gmail.com', N'P001@GMAIL.COM', 1, N'AQAAAAEAACcQAAAAED3e2uL2Gu9Oz9hjhgkaMI+qLEmljjua7kZFE1NY0bwbyNCmkWZCrSS7yw/oEPDpnw==', N'2ELDPA5QPZM65Y334ISVDYHTEQMQMJZP', N'ce90e7d6-bbc2-40a2-bb62-e0442947baf9', NULL, 0, 0, NULL, 1, 0)
GO
INSERT [dbo].[AspNetUsers] ([Id], [UserName], [NormalizedUserName], [Email], [NormalizedEmail], [EmailConfirmed], [PasswordHash], [SecurityStamp], [ConcurrencyStamp], [PhoneNumber], [PhoneNumberConfirmed], [TwoFactorEnabled], [LockoutEnd], [LockoutEnabled], [AccessFailedCount]) VALUES (N'0709c451-9f29-480e-8573-309dedae5eaf', N'DR0013@hospital.com', N'DR0013@HOSPITAL.COM', N'DR0013@hospital.com', N'DR0013@HOSPITAL.COM', 1, N'AQAAAAEAACcQAAAAEGMBiiiuWUzz+FQbUMxi83eSg6Yn7JbUBT4Z/32K+WYez9ZHVfQEfMgCBMPdGxfkYw==', N'AUEXEXJMTUYH73LP55EEI5SEREQDRKTZ', N'ea153b4d-6c50-4c09-8cdb-f7adc9dca942', NULL, 0, 0, NULL, 1, 0)
GO
INSERT [dbo].[AspNetUsers] ([Id], [UserName], [NormalizedUserName], [Email], [NormalizedEmail], [EmailConfirmed], [PasswordHash], [SecurityStamp], [ConcurrencyStamp], [PhoneNumber], [PhoneNumberConfirmed], [TwoFactorEnabled], [LockoutEnd], [LockoutEnabled], [AccessFailedCount]) VALUES (N'1933517d-877d-4958-9047-4118ee39ad4d', N'clerk@hospital.com', N'CLERK@HOSPITAL.COM', N'clerk@hospital.com', N'CLERK@HOSPITAL.COM', 1, N'AQAAAAEAACcQAAAAEPs/p/lqvMOUHoef1gaVDkpsmxnd2zHI7WHIGpUJZYmUWY+UqauoKpIhd98oC5UBBQ==', N'UCB6V6ZR3W3REHHJUF3S4SN6EKQUMM3J', N'5562fb85-a1fa-4b1c-bae6-87cd4527b5cc', NULL, 0, 0, NULL, 1, 0)
GO
INSERT [dbo].[AspNetUsers] ([Id], [UserName], [NormalizedUserName], [Email], [NormalizedEmail], [EmailConfirmed], [PasswordHash], [SecurityStamp], [ConcurrencyStamp], [PhoneNumber], [PhoneNumberConfirmed], [TwoFactorEnabled], [LockoutEnd], [LockoutEnabled], [AccessFailedCount]) VALUES (N'275e3306-ed9e-4dba-a543-688b26a12035', N'DR005@hospital.com', N'DR005@HOSPITAL.COM', N'DR005@hospital.com', N'DR005@HOSPITAL.COM', 1, N'AQAAAAEAACcQAAAAEHmyPahQasxTTXd+hMh8w5d7hYs4KKPbXIA7pLAb2eb5jc7JMb0IoOLlnhsqH+88vw==', N'RM7SE5PMOE5KU2OYEOSGWJXQPATOECL3', N'd7619883-cc2d-4bb7-a037-6af46b6acdf0', NULL, 0, 0, NULL, 1, 0)
GO
INSERT [dbo].[AspNetUsers] ([Id], [UserName], [NormalizedUserName], [Email], [NormalizedEmail], [EmailConfirmed], [PasswordHash], [SecurityStamp], [ConcurrencyStamp], [PhoneNumber], [PhoneNumberConfirmed], [TwoFactorEnabled], [LockoutEnd], [LockoutEnabled], [AccessFailedCount]) VALUES (N'32142987-2f8f-4c5d-9930-bdf8cab1eb7e', N'DR003@hospital.com', N'DR003@HOSPITAL.COM', N'DR003@hospital.com', N'DR003@HOSPITAL.COM', 1, N'AQAAAAEAACcQAAAAEEj+Q/LkkNE4oENpw7UsoghqMn9Rh4TBfyjRi9b/26H+iR/rMo39POej7Pasm0hIUg==', N'NXXUDXCABKUZROWJKUDBONEGEZZT4PIN', N'284eabb6-6583-49e0-aff2-eeaaa458609d', NULL, 0, 0, NULL, 1, 0)
GO
INSERT [dbo].[AspNetUsers] ([Id], [UserName], [NormalizedUserName], [Email], [NormalizedEmail], [EmailConfirmed], [PasswordHash], [SecurityStamp], [ConcurrencyStamp], [PhoneNumber], [PhoneNumberConfirmed], [TwoFactorEnabled], [LockoutEnd], [LockoutEnabled], [AccessFailedCount]) VALUES (N'3402e91c-ea67-4106-880c-b29679542650', N'DR0012@hospital.com', N'DR0012@HOSPITAL.COM', N'DR0012@hospital.com', N'DR0012@HOSPITAL.COM', 1, N'AQAAAAEAACcQAAAAEO8h91pX0M8KKSgDpQlT5svYT6bIaK43EHKe96zc5HUswHaSLl4gTL1w8y/QkqrtTQ==', N'OVFSC3NVMZYZIZPRVKB7E57XFZDL4SIP', N'192b4f76-4ad8-40d5-acf6-9206a268e58b', NULL, 0, 0, NULL, 1, 0)
GO
INSERT [dbo].[AspNetUsers] ([Id], [UserName], [NormalizedUserName], [Email], [NormalizedEmail], [EmailConfirmed], [PasswordHash], [SecurityStamp], [ConcurrencyStamp], [PhoneNumber], [PhoneNumberConfirmed], [TwoFactorEnabled], [LockoutEnd], [LockoutEnabled], [AccessFailedCount]) VALUES (N'5cfa5dca-a791-4df1-80b6-e5aee4382af9', N'DR008@hospital.com', N'DR008@HOSPITAL.COM', N'DR008@hospital.com', N'DR008@HOSPITAL.COM', 1, N'AQAAAAEAACcQAAAAEP3QUCMjzWwyqIy9s4o77LMyhc9lM+bBkvXuOYO/w+NQmeZND9lez5BJI8OuPyeN0Q==', N'IPZDCYQP2FHTG3LX74Q5EPWE4TYHAF7Q', N'bcec08da-b904-4301-ab69-11aeec86a5bb', NULL, 0, 0, NULL, 1, 0)
GO
INSERT [dbo].[AspNetUsers] ([Id], [UserName], [NormalizedUserName], [Email], [NormalizedEmail], [EmailConfirmed], [PasswordHash], [SecurityStamp], [ConcurrencyStamp], [PhoneNumber], [PhoneNumberConfirmed], [TwoFactorEnabled], [LockoutEnd], [LockoutEnabled], [AccessFailedCount]) VALUES (N'653a0fab-a9dc-4e13-bb51-b767fcdad88e', N'DR006@hospital.com', N'DR006@HOSPITAL.COM', N'DR006@hospital.com', N'DR006@HOSPITAL.COM', 1, N'AQAAAAEAACcQAAAAEMvUsl/N6OBr+z7+3I4VtkNYntdH2mOgssr8Jjl6gEIJyaeDM8M4oW34FcOPxFaeHQ==', N'ODACFSQWVPSC7OPS77XB7ODT3F6YM3EX', N'f7658acd-a753-4878-b7fd-21eb1af8e06a', NULL, 0, 0, NULL, 1, 0)
GO
INSERT [dbo].[AspNetUsers] ([Id], [UserName], [NormalizedUserName], [Email], [NormalizedEmail], [EmailConfirmed], [PasswordHash], [SecurityStamp], [ConcurrencyStamp], [PhoneNumber], [PhoneNumberConfirmed], [TwoFactorEnabled], [LockoutEnd], [LockoutEnabled], [AccessFailedCount]) VALUES (N'6c8f4c22-a0c0-4580-9593-f2392ee2fe0f', N'DR004@hospital.com', N'DR004@HOSPITAL.COM', N'DR004@hospital.com', N'DR004@HOSPITAL.COM', 1, N'AQAAAAEAACcQAAAAEHXPVQloXPg8Ihe3LOcjauYyJIsakvo5nvXgmHOm79jLVCfFsnfYGp3BXlS1TjNybw==', N'2SNOYHNZQSY6G6NENYQ7UM7S7R3UAUUJ', N'a9825fa6-82d7-4959-bf27-9be68a5b74e6', NULL, 0, 0, NULL, 1, 0)
GO
INSERT [dbo].[AspNetUsers] ([Id], [UserName], [NormalizedUserName], [Email], [NormalizedEmail], [EmailConfirmed], [PasswordHash], [SecurityStamp], [ConcurrencyStamp], [PhoneNumber], [PhoneNumberConfirmed], [TwoFactorEnabled], [LockoutEnd], [LockoutEnabled], [AccessFailedCount]) VALUES (N'74970510-52e0-48d5-afc8-b45a6e293a9d', N'DR0014@hospital.com', N'DR0014@HOSPITAL.COM', N'DR0014@hospital.com', N'DR0014@HOSPITAL.COM', 1, N'AQAAAAEAACcQAAAAEIjizqoBMO/IDxUW+Eo9s2weiiBOVzWxMxPRW1XWm+8knGPZL8weuiEfLegAAOXKtA==', N'7XIXZHU7HMYCHB6HD4UYPU2HBJY7DJRS', N'214619e4-801c-4152-9a88-307f1aa36681', NULL, 0, 0, NULL, 1, 0)
GO
INSERT [dbo].[AspNetUsers] ([Id], [UserName], [NormalizedUserName], [Email], [NormalizedEmail], [EmailConfirmed], [PasswordHash], [SecurityStamp], [ConcurrencyStamp], [PhoneNumber], [PhoneNumberConfirmed], [TwoFactorEnabled], [LockoutEnd], [LockoutEnabled], [AccessFailedCount]) VALUES (N'758e5d41-eb54-453b-a73a-d1947a4543a4', N'DR001@hospital.com', N'DR001@HOSPITAL.COM', N'DR001@hospital.com', N'DR001@HOSPITAL.COM', 1, N'AQAAAAEAACcQAAAAEB1B6nfbqGOzyn8fem/uRpbYlZR0oc+sieBURa0uoKIx5lRDha6lWaQXuP0N3dopcg==', N'TACHRJT4BTGTJES7IKYNLED5M5M7HVHR', N'6de16a9d-657a-4878-8fcf-6719d4ac258b', NULL, 0, 0, NULL, 1, 0)
GO
INSERT [dbo].[AspNetUsers] ([Id], [UserName], [NormalizedUserName], [Email], [NormalizedEmail], [EmailConfirmed], [PasswordHash], [SecurityStamp], [ConcurrencyStamp], [PhoneNumber], [PhoneNumberConfirmed], [TwoFactorEnabled], [LockoutEnd], [LockoutEnabled], [AccessFailedCount]) VALUES (N'a3ef401e-43c1-49e6-8f24-ac18643a0a68', N'DR002@hospital.com', N'DR002@HOSPITAL.COM', N'DR002@hospital.com', N'DR002@HOSPITAL.COM', 1, N'AQAAAAEAACcQAAAAEEQGi2uORJ4UCxxP2/NBxzukwSUos7hySOSYlFGOnc7JnCI3DMU5/pW8pQShnAQJJw==', N'GAFWYVBOY3WS57ZXXBJQXII23FJAYBE6', N'e1bf12cd-6b90-45a6-80dd-acf3e8a3fb1b', NULL, 0, 0, NULL, 1, 0)
GO
INSERT [dbo].[AspNetUsers] ([Id], [UserName], [NormalizedUserName], [Email], [NormalizedEmail], [EmailConfirmed], [PasswordHash], [SecurityStamp], [ConcurrencyStamp], [PhoneNumber], [PhoneNumberConfirmed], [TwoFactorEnabled], [LockoutEnd], [LockoutEnabled], [AccessFailedCount]) VALUES (N'acfc5f74-0574-4df0-9dfe-2cf1dc1758fe', N'DR0010@hospital.com', N'DR0010@HOSPITAL.COM', N'DR0010@hospital.com', N'DR0010@HOSPITAL.COM', 1, N'AQAAAAEAACcQAAAAEGM+tMRXj8NuS81x4qzkV9GXFMIA1DtdbA7hm16oNjyKzOg6vOuueQIpHKERTiDBHQ==', N'VQF5QHMITUE7VOO2BUX5IO5GRGONVUJB', N'f1fe5154-bbcc-49b1-8075-e0bf47e71690', NULL, 0, 0, NULL, 1, 0)
GO
INSERT [dbo].[AspNetUsers] ([Id], [UserName], [NormalizedUserName], [Email], [NormalizedEmail], [EmailConfirmed], [PasswordHash], [SecurityStamp], [ConcurrencyStamp], [PhoneNumber], [PhoneNumberConfirmed], [TwoFactorEnabled], [LockoutEnd], [LockoutEnabled], [AccessFailedCount]) VALUES (N'c88612fd-df53-479f-873f-feb58929c869', N'DR0011@hospital.com', N'DR0011@HOSPITAL.COM', N'DR0011@hospital.com', N'DR0011@HOSPITAL.COM', 1, N'AQAAAAEAACcQAAAAEPJjtOk1wIwTA3MlIzGX5Ds2d3cCOE/vf3Wb5ySSrDLNjN/PYs0v+frPXiFrxjN3vA==', N'YQOGXT5TELJX6F2YYJB2PNMJFUKZODMG', N'19b81577-58d9-471d-b79c-eb265b0272ac', NULL, 0, 0, NULL, 1, 0)
GO
INSERT [dbo].[AspNetUsers] ([Id], [UserName], [NormalizedUserName], [Email], [NormalizedEmail], [EmailConfirmed], [PasswordHash], [SecurityStamp], [ConcurrencyStamp], [PhoneNumber], [PhoneNumberConfirmed], [TwoFactorEnabled], [LockoutEnd], [LockoutEnabled], [AccessFailedCount]) VALUES (N'e3504ab7-239b-4770-894c-a1db2988b750', N'DR007@hospital.com', N'DR007@HOSPITAL.COM', N'DR007@hospital.com', N'DR007@HOSPITAL.COM', 1, N'AQAAAAEAACcQAAAAEJoeQwg2b/EGKM/NMIMUaeYdvgD6KVN1ZkNQtWVXv9uxqSPyoSBkhGWjiJ7ex0LT/A==', N'SD3BV24MSWH7HIUBASTNDACV4CFONC55', N'1f99ddb3-2943-4796-9418-68ad7ad4cf62', NULL, 0, 0, NULL, 1, 0)
GO
INSERT [dbo].[AspNetUsers] ([Id], [UserName], [NormalizedUserName], [Email], [NormalizedEmail], [EmailConfirmed], [PasswordHash], [SecurityStamp], [ConcurrencyStamp], [PhoneNumber], [PhoneNumberConfirmed], [TwoFactorEnabled], [LockoutEnd], [LockoutEnabled], [AccessFailedCount]) VALUES (N'f554ac0b-8d31-476e-8aeb-66b553eb879a', N'DR009@hospital.com', N'DR009@HOSPITAL.COM', N'DR009@hospital.com', N'DR009@HOSPITAL.COM', 1, N'AQAAAAEAACcQAAAAEELAUj2xAWQb7ZVx7RRQePwc8RblHKLtJKvWphVycq+CdJ8e1nxxF5Me9w/B9LEkHQ==', N'H23PXM4F2HKOMPCFKCRRACZEIP5LNVSC', N'6022d45f-2e84-4e01-bd6b-b7be1b958b3a', NULL, 0, 0, NULL, 1, 0)
GO
INSERT [dbo].[AspNetUserRoles] ([UserId], [RoleId]) VALUES (N'0709c451-9f29-480e-8573-309dedae5eaf', N'6b606181-d99d-4f81-b92d-fb11fa2d259b')
GO
INSERT [dbo].[AspNetUserRoles] ([UserId], [RoleId]) VALUES (N'275e3306-ed9e-4dba-a543-688b26a12035', N'6b606181-d99d-4f81-b92d-fb11fa2d259b')
GO
INSERT [dbo].[AspNetUserRoles] ([UserId], [RoleId]) VALUES (N'32142987-2f8f-4c5d-9930-bdf8cab1eb7e', N'6b606181-d99d-4f81-b92d-fb11fa2d259b')
GO
INSERT [dbo].[AspNetUserRoles] ([UserId], [RoleId]) VALUES (N'3402e91c-ea67-4106-880c-b29679542650', N'6b606181-d99d-4f81-b92d-fb11fa2d259b')
GO
INSERT [dbo].[AspNetUserRoles] ([UserId], [RoleId]) VALUES (N'5cfa5dca-a791-4df1-80b6-e5aee4382af9', N'6b606181-d99d-4f81-b92d-fb11fa2d259b')
GO
INSERT [dbo].[AspNetUserRoles] ([UserId], [RoleId]) VALUES (N'653a0fab-a9dc-4e13-bb51-b767fcdad88e', N'6b606181-d99d-4f81-b92d-fb11fa2d259b')
GO
INSERT [dbo].[AspNetUserRoles] ([UserId], [RoleId]) VALUES (N'6c8f4c22-a0c0-4580-9593-f2392ee2fe0f', N'6b606181-d99d-4f81-b92d-fb11fa2d259b')
GO
INSERT [dbo].[AspNetUserRoles] ([UserId], [RoleId]) VALUES (N'74970510-52e0-48d5-afc8-b45a6e293a9d', N'6b606181-d99d-4f81-b92d-fb11fa2d259b')
GO
INSERT [dbo].[AspNetUserRoles] ([UserId], [RoleId]) VALUES (N'758e5d41-eb54-453b-a73a-d1947a4543a4', N'6b606181-d99d-4f81-b92d-fb11fa2d259b')
GO
INSERT [dbo].[AspNetUserRoles] ([UserId], [RoleId]) VALUES (N'a3ef401e-43c1-49e6-8f24-ac18643a0a68', N'6b606181-d99d-4f81-b92d-fb11fa2d259b')
GO
INSERT [dbo].[AspNetUserRoles] ([UserId], [RoleId]) VALUES (N'acfc5f74-0574-4df0-9dfe-2cf1dc1758fe', N'6b606181-d99d-4f81-b92d-fb11fa2d259b')
GO
INSERT [dbo].[AspNetUserRoles] ([UserId], [RoleId]) VALUES (N'c88612fd-df53-479f-873f-feb58929c869', N'6b606181-d99d-4f81-b92d-fb11fa2d259b')
GO
INSERT [dbo].[AspNetUserRoles] ([UserId], [RoleId]) VALUES (N'e3504ab7-239b-4770-894c-a1db2988b750', N'6b606181-d99d-4f81-b92d-fb11fa2d259b')
GO
INSERT [dbo].[AspNetUserRoles] ([UserId], [RoleId]) VALUES (N'f554ac0b-8d31-476e-8aeb-66b553eb879a', N'6b606181-d99d-4f81-b92d-fb11fa2d259b')
GO
INSERT [dbo].[AspNetUserRoles] ([UserId], [RoleId]) VALUES (N'1933517d-877d-4958-9047-4118ee39ad4d', N'e9e35235-f355-4af6-9fee-e6c4dd68dfb4')
GO
SET IDENTITY_INSERT [dbo].[Departments] ON 
GO
INSERT [dbo].[Departments] ([DepartmentID], [DepartmentName]) VALUES (1, N'CARDIOLOGY')
GO
INSERT [dbo].[Departments] ([DepartmentID], [DepartmentName]) VALUES (2, N'ENDOCRINOLOGY')
GO
INSERT [dbo].[Departments] ([DepartmentID], [DepartmentName]) VALUES (3, N'ORTHOPAEDICS')
GO
INSERT [dbo].[Departments] ([DepartmentID], [DepartmentName]) VALUES (4, N'NEPHROLOGY')
GO
INSERT [dbo].[Departments] ([DepartmentID], [DepartmentName]) VALUES (5, N'HEPATOLOGY')
GO
INSERT [dbo].[Departments] ([DepartmentID], [DepartmentName]) VALUES (6, N'NEUROLOGY')
GO
SET IDENTITY_INSERT [dbo].[Departments] OFF
GO
SET IDENTITY_INSERT [dbo].[Doctors] ON 
GO
INSERT [dbo].[Doctors] ([DoctorID], [DoctorName], [ExtName], [UserName], [DepartmentID]) VALUES (1, N'Dr. Ajay Bahl', N'.PNG', N'DR001@hospital.com', 1)
GO
INSERT [dbo].[Doctors] ([DoctorID], [DoctorName], [ExtName], [UserName], [DepartmentID]) VALUES (2, N'Dr. Prashant Kumar Panda', N'.png', N'DR002@hospital.com', 1)
GO
INSERT [dbo].[Doctors] ([DoctorID], [DoctorName], [ExtName], [UserName], [DepartmentID]) VALUES (3, N'Dr. Ankur Gupta', N'.PNG', N'DR003@hospital.com', 2)
GO
INSERT [dbo].[Doctors] ([DoctorID], [DoctorName], [ExtName], [UserName], [DepartmentID]) VALUES (4, N'Dr. Bhupendra Kumar Sihag', N'.png', N'DR004@hospital.com', 2)
GO
INSERT [dbo].[Doctors] ([DoctorID], [DoctorName], [ExtName], [UserName], [DepartmentID]) VALUES (5, N'Dr. Neelam', N'.PNG', N'DR005@hospital.com', 3)
GO
INSERT [dbo].[Doctors] ([DoctorID], [DoctorName], [ExtName], [UserName], [DepartmentID]) VALUES (6, N'Dr. Rajesh Vijayvergiya', N'.png', N'DR006@hospital.com', 4)
GO
INSERT [dbo].[Doctors] ([DoctorID], [DoctorName], [ExtName], [UserName], [DepartmentID]) VALUES (7, N'Dr. Sanjeev Hanumantacharya Naganur', N'.png', N'DR007@hospital.com', 3)
GO
INSERT [dbo].[Doctors] ([DoctorID], [DoctorName], [ExtName], [UserName], [DepartmentID]) VALUES (8, N'Dr. Parminder Singh', N'.png', N'DR008@hospital.com', 4)
GO
INSERT [dbo].[Doctors] ([DoctorID], [DoctorName], [ExtName], [UserName], [DepartmentID]) VALUES (9, N'Dr. Aastha Takkar Kapila', N'.png', N'DR009@hospital.com', 5)
GO
INSERT [dbo].[Doctors] ([DoctorID], [DoctorName], [ExtName], [UserName], [DepartmentID]) VALUES (10, N'Dr. Manoj Kumar Goyal', N'.png', N'DR0010@hospital.com', 5)
GO
INSERT [dbo].[Doctors] ([DoctorID], [DoctorName], [ExtName], [UserName], [DepartmentID]) VALUES (11, N'Dr. Vivek Lal', N'.png', N'DR0011@hospital.com', 6)
GO
INSERT [dbo].[Doctors] ([DoctorID], [DoctorName], [ExtName], [UserName], [DepartmentID]) VALUES (12, N'Dr. Sucharita Ray', N'.png', N'DR0012@hospital.com', 6)
GO
INSERT [dbo].[Doctors] ([DoctorID], [DoctorName], [ExtName], [UserName], [DepartmentID]) VALUES (13, N'Dr. Rajveer Singh', N'.png', N'DR0013@hospital.com', 6)
GO
INSERT [dbo].[Doctors] ([DoctorID], [DoctorName], [ExtName], [UserName], [DepartmentID]) VALUES (14, N'Dr. Manoj Kumar Goyal', N'.png', N'DR0014@hospital.com', 1)
GO
SET IDENTITY_INSERT [dbo].[Doctors] OFF
GO
SET IDENTITY_INSERT [dbo].[Bookings] ON 
GO
INSERT [dbo].[Bookings] ([BookingID], [UserName], [DoctorID], [BookingDate], [ContactNo]) VALUES (1, N'P001@gmail.com', 2, CAST(N'2021-07-28T23:32:00.0000000' AS DateTime2), N'+64 9-367 0000')
GO
INSERT [dbo].[Bookings] ([BookingID], [UserName], [DoctorID], [BookingDate], [ContactNo]) VALUES (2, N'P001@gmail.com', 10, CAST(N'2021-07-24T23:33:00.0000000' AS DateTime2), N'+64 9-367 0000')
GO
SET IDENTITY_INSERT [dbo].[Bookings] OFF
GO
SET IDENTITY_INSERT [dbo].[Schedules] ON 
GO
INSERT [dbo].[Schedules] ([ScheduleID], [OPDName], [DoctorID], [Location], [OPDDays]) VALUES (1, N'Nephrology Referral', 6, N'3rd Floor, C Block, New OPD', N'Monday, Wednesday, Friday')
GO
INSERT [dbo].[Schedules] ([ScheduleID], [OPDName], [DoctorID], [Location], [OPDDays]) VALUES (2, N'Nephrology Referral', 8, N'3rd Floor, C Block, New OPD', N'Tuesday,Thursday,Saturday')
GO
INSERT [dbo].[Schedules] ([ScheduleID], [OPDName], [DoctorID], [Location], [OPDDays]) VALUES (3, N'Liver Clinic', 9, N'4th Floor, B Block, New OPD', N'Monday, Wednesday, Friday')
GO
INSERT [dbo].[Schedules] ([ScheduleID], [OPDName], [DoctorID], [Location], [OPDDays]) VALUES (4, N'Liver Transplant Clinic', 10, N'4th Floor, B Block, New OPD', N'Tuesday,Thursday,Saturday')
GO
INSERT [dbo].[Schedules] ([ScheduleID], [OPDName], [DoctorID], [Location], [OPDDays]) VALUES (5, N'Pediatrics Cardiology Clinic (PCC)', 1, N'Ground Floor C Block ACC', N'Tuesday')
GO
INSERT [dbo].[Schedules] ([ScheduleID], [OPDName], [DoctorID], [Location], [OPDDays]) VALUES (6, N'Pediatrics Cardiology Clinic (PCC)', 2, N'Ground Floor C Block ACC', N'Wednesday, Saturday')
GO
INSERT [dbo].[Schedules] ([ScheduleID], [OPDName], [DoctorID], [Location], [OPDDays]) VALUES (7, N'Diabetic Clinic', 3, N'4th Floor, A Block, New OPD', N'Wednesday')
GO
INSERT [dbo].[Schedules] ([ScheduleID], [OPDName], [DoctorID], [Location], [OPDDays]) VALUES (8, N'Thyroid Clinic', 4, N'4th Floor, C Block, New OPD', N'Friday')
GO
SET IDENTITY_INSERT [dbo].[Schedules] OFF
GO